"meas.tech2","err1.mean","err2.mean","err1.sd","err2.sd","err1.n","err2.n"
"micro met",-0.0556098330880079,-0.0290032339153981,0.189052271782409,0.165177253544296,465,465
"wt",-0.146641709568157,-0.0956391121631984,0.222551381954289,0.221152888767859,295,295
